DROP TABLE IF EXISTS `VENDAS_ITENS`;
DROP TABLE IF EXISTS `VENDAS`;
DROP TABLE IF EXISTS `PRODUTOS`;
DROP TABLE IF EXISTS `CLIENTES`;
DROP TABLE IF EXISTS `LOJAS`;

--
-- Table structure for table `LOJAS`
--


CREATE TABLE `LOJAS` (
  `id` int(11) NOT NULL,
  `nome` varchar(100) CHARACTER SET utf8 DEFAULT NULL,
  `status` varchar(15) COLLATE utf8_unicode_ci DEFAULT NULL,
  PRIMARY KEY (`id`)
) ENGINE=InnoDB DEFAULT CHARSET=utf8 COLLATE=utf8_unicode_ci;

--
-- Dumping data for table `LOJAS`
--

LOCK TABLES `LOJAS` WRITE;
INSERT INTO `LOJAS` VALUES (1,'IPANEMA','ATIVA'),(2,'CENTRO','INATIVA'),(3,'BARRA DA TIJUCA','ATIVA');
UNLOCK TABLES;

--
-- Table structure for table `CLIENTES`
--

CREATE TABLE `CLIENTES` (
  `id` int(11) NOT NULL,
  `nome` varchar(255) COLLATE utf8_unicode_ci DEFAULT NULL,
  `sobrenome` varchar(100) COLLATE utf8_unicode_ci DEFAULT NULL,
  `nascimento` date DEFAULT NULL,
  `cadastro` timestamp NULL DEFAULT NULL,
  `loja_cadastro_id` int(11) DEFAULT NULL,
  `bairro` varchar(100) CHARACTER SET utf8 DEFAULT NULL,
  `cidade` varchar(100) CHARACTER SET utf8 DEFAULT NULL,
  `uf` varchar(2) COLLATE utf8_unicode_ci DEFAULT NULL,
  PRIMARY KEY (`id`),
  KEY `fk_loja_idx` (`loja_cadastro_id`),
  CONSTRAINT `fk_cliente_loja` FOREIGN KEY (`loja_cadastro_id`) REFERENCES `LOJAS` (`id`) ON DELETE NO ACTION ON UPDATE NO ACTION
) ENGINE=InnoDB DEFAULT CHARSET=utf8 COLLATE=utf8_unicode_ci;

--
-- Dumping data for table `CLIENTES`
--

LOCK TABLES `CLIENTES` WRITE;
INSERT INTO `CLIENTES` VALUES (1,'BRUNA','ANDRADE','1984-03-03','2013-10-24 00:00:00',2,'FLAMENGO','Rio de Janeiro','RJ'),(2,'GLÓRIA','FONTANA','1985-06-13','2013-06-24 00:00:00',1,'FLAMENGO','Rio de Janeiro','RJ'),(3,'DANIELLE','GARCIA','1991-10-14','2014-03-09 00:00:00',3,'BARRA DA TIJUCA','Rio de Janeiro','RJ'),(4,'GLÓRIA','PEREIRA','1991-10-12','2011-03-09 00:00:00',1,'MÉIER','Rio de Janeiro','RJ'),(5,'CLAUDIA','ANDRADE','1992-03-08','2012-04-15 00:00:00',3,'COPACABANA','Rio de Janeiro','RJ'),(6,'BRUNA','FONTANA','1997-03-03','2014-07-27 00:00:00',1,'FLAMENGO','Rio de Janeiro','RJ'),(7,'CLAUDIA','GARCIA','1979-06-07','2013-01-24 00:00:00',1,'PENHA','Rio de Janeiro','RJ'),(8,'DANIELLE','PEREIRA','1989-07-04','2014-06-08 00:00:00',3,'MÉIER','Rio de Janeiro','RJ'),(9,'ANA','ANDRADE','1993-03-03','2013-07-15 00:00:00',3,'MÉIER','Rio de Janeiro','RJ'),(10,'CLAUDIA','FONTANA','1996-02-06','2012-05-05 00:00:00',2,'FLAMENGO','Rio de Janeiro','RJ'),(11,'ISABEL','GARCIA','1989-07-12','2010-11-01 00:00:00',1,'BARRA DA TIJUCA','Rio de Janeiro','RJ'),(12,'EDUARDA','PEREIRA','1987-08-23','2010-10-11 00:00:00',2,'FLAMENGO','Rio de Janeiro','RJ'),(13,'EDUARDA','ANDRADE','1991-04-16','2014-12-05 00:00:00',3,'COPACABANA','Rio de Janeiro','RJ'),(14,'FERNANDA','FONTANA','1990-08-11','2010-06-03 00:00:00',3,'CATETE','Rio de Janeiro','RJ'),(15,'EDUARDA','GARCIA','1985-03-27','2010-03-09 00:00:00',3,'FLAMENGO','Rio de Janeiro','RJ'),(16,'BRUNA','PEREIRA','1985-02-16','2011-07-17 00:00:00',2,'COPACABANA','Rio de Janeiro','RJ'),(17,'BRUNA','ANDRADE','1994-04-10','2013-11-09 00:00:00',2,'FLAMENGO','Rio de Janeiro','RJ'),(18,'EDUARDA','FONTANA','1988-08-23','2010-06-20 00:00:00',1,'FLAMENGO','Rio de Janeiro','RJ'),(19,'DANIELLE','GARCIA','1984-05-06','2012-10-26 00:00:00',1,'PENHA','Rio de Janeiro','RJ'),(20,'CLAUDIA','PEREIRA','1984-07-23','2012-03-09 00:00:00',3,'COPACABANA','Rio de Janeiro','RJ'),(21,'BRUNA','ANDRADE','1982-06-16','2012-10-20 00:00:00',3,'COPACABANA','Rio de Janeiro','RJ'),(22,'ISABEL','FONTANA','1981-11-26','2014-02-20 00:00:00',1,'PENHA','Rio de Janeiro','RJ'),(23,'FERNANDA','GARCIA','1979-05-18','2009-07-10 00:00:00',1,'COPACABANA','Rio de Janeiro','RJ'),(24,'GLÓRIA','PEREIRA','1994-06-02','2014-07-03 00:00:00',2,'FLAMENGO','Rio de Janeiro','RJ'),(25,'ISABEL','ANDRADE','1989-09-27','2012-07-16 00:00:00',2,'COPACABANA','Rio de Janeiro','RJ'),(26,'DANIELLE','FONTANA','1999-08-12','2009-02-11 00:00:00',2,'PENHA','Rio de Janeiro','RJ'),(27,'DANIELLE','GARCIA','1989-07-08','2012-05-22 00:00:00',3,'COPACABANA','Rio de Janeiro','RJ'),(28,'HELENA','PEREIRA','1989-11-04','2013-07-11 00:00:00',1,'MÉIER','Rio de Janeiro','RJ'),(29,'HELENA','ANDRADE','1981-11-01','2011-04-26 00:00:00',3,'COPACABANA','Rio de Janeiro','RJ'),(30,'GLÓRIA','FONTANA','1993-02-16','2011-05-12 00:00:00',1,'COPACABANA','Rio de Janeiro','RJ'),(31,'CLAUDIA','GARCIA','1994-10-02','2012-11-18 00:00:00',2,'FLAMENGO','Rio de Janeiro','RJ'),(32,'BRUNA','PEREIRA','1986-07-17','2010-08-15 00:00:00',2,'PENHA','Rio de Janeiro','RJ'),(33,'BRUNA','ANDRADE','1985-05-24','2010-06-18 00:00:00',3,'CATETE','Rio de Janeiro','RJ'),(34,'DANIELLE','FONTANA','1983-12-08','2010-07-27 00:00:00',1,'COPACABANA','Rio de Janeiro','RJ'),(35,'BRUNA','GARCIA','1991-07-24','2012-11-13 00:00:00',2,'MÉIER','Rio de Janeiro','RJ'),(36,'EDUARDA','PEREIRA','1993-01-02','2010-11-01 00:00:00',2,'PENHA','Rio de Janeiro','RJ'),(37,'HELENA','ANDRADE','1984-10-04','2010-06-01 00:00:00',2,'FLAMENGO','Rio de Janeiro','RJ'),(38,'ISABEL','FONTANA','1993-06-08','2014-12-02 00:00:00',2,'PENHA','Rio de Janeiro','RJ'),(39,'BRUNA','GARCIA','1988-10-21','2010-11-21 00:00:00',1,'PENHA','Rio de Janeiro','RJ'),(40,'CLAUDIA','PEREIRA','1982-03-14','2013-05-18 00:00:00',1,'PENHA','Rio de Janeiro','RJ'),(41,'FERNANDA','ANDRADE','1980-07-18','2011-10-05 00:00:00',2,'CATETE','Rio de Janeiro','RJ'),(42,'ISABEL','FONTANA','1996-04-24','2011-07-16 00:00:00',1,'COPACABANA','Rio de Janeiro','RJ'),(43,'ANA','GARCIA','1984-04-19','2011-03-15 00:00:00',1,'MÉIER','Rio de Janeiro','RJ'),(44,'DANIELLE','PEREIRA','1981-08-01','2014-11-17 00:00:00',1,'PENHA','Rio de Janeiro','RJ'),(45,'ISABEL','ANDRADE','1997-06-17','2012-04-18 00:00:00',1,'MÉIER','Rio de Janeiro','RJ'),(46,'EDUARDA','FONTANA','1995-06-27','2011-04-03 00:00:00',2,'MÉIER','Rio de Janeiro','RJ'),(47,'HELENA','GARCIA','1986-04-08','2011-07-09 00:00:00',3,'PENHA','Rio de Janeiro','RJ'),(48,'BRUNA','PEREIRA','1997-09-28','2013-03-14 00:00:00',3,'FLAMENGO','Rio de Janeiro','RJ'),(49,'CLAUDIA','ANDRADE','1982-02-21','2012-06-14 00:00:00',1,'MÉIER','Rio de Janeiro','RJ'),(50,'GLÓRIA','FONTANA','1984-11-27','2014-10-06 00:00:00',2,'PENHA','Rio de Janeiro','RJ'),(51,'GLÓRIA','GARCIA','1978-09-12','2014-06-19 00:00:00',3,'BARRA DA TIJUCA','Rio de Janeiro','RJ'),(52,'HELENA','PEREIRA','1987-05-15','2011-09-10 00:00:00',2,'MÉIER','Rio de Janeiro','RJ'),(53,'HELENA','ANDRADE','1990-03-07','2012-05-24 00:00:00',1,'PENHA','Rio de Janeiro','RJ'),(54,'FERNANDA','FONTANA','2000-12-26','2013-11-14 00:00:00',2,'MÉIER','Rio de Janeiro','RJ'),(55,'BRUNA','GARCIA','1989-11-04','2013-06-25 00:00:00',1,'MÉIER','Rio de Janeiro','RJ'),(56,'CLAUDIA','PEREIRA','1994-11-07','2012-02-24 00:00:00',3,'MÉIER','Rio de Janeiro','RJ'),(57,'CLAUDIA','ANDRADE','1990-12-08','2011-12-22 00:00:00',1,'CATETE','Rio de Janeiro','RJ'),(58,'EDUARDA','FONTANA','1998-12-04','2012-08-13 00:00:00',1,'FLAMENGO','Rio de Janeiro','RJ'),(59,'CLAUDIA','GARCIA','1981-09-13','2014-07-19 00:00:00',3,'FLAMENGO','Rio de Janeiro','RJ'),(60,'FERNANDA','PEREIRA','1995-11-14','2012-06-13 00:00:00',3,'CATETE','Rio de Janeiro','RJ'),(61,'BRUNA','ANDRADE','1979-09-13','2009-10-23 00:00:00',3,'COPACABANA','Rio de Janeiro','RJ'),(62,'EDUARDA','FONTANA','1995-04-06','2009-09-17 00:00:00',2,'COPACABANA','Rio de Janeiro','RJ'),(63,'HELENA','GARCIA','1994-11-08','2012-04-16 00:00:00',3,'CATETE','Rio de Janeiro','RJ'),(64,'HELENA','PEREIRA','1992-07-26','2014-12-27 00:00:00',3,'PENHA','Rio de Janeiro','RJ'),(65,'EDUARDA','ANDRADE','1982-05-15','2011-03-03 00:00:00',2,'CATETE','Rio de Janeiro','RJ'),(66,'HELENA','FONTANA','1989-11-04','2013-05-19 00:00:00',1,'BARRA DA TIJUCA','Rio de Janeiro','RJ'),(67,'GLÓRIA','GARCIA','1984-04-13','2011-12-17 00:00:00',3,'MÉIER','Rio de Janeiro','RJ'),(68,'GLÓRIA','PEREIRA','1986-06-07','2013-04-06 00:00:00',3,'BARRA DA TIJUCA','Rio de Janeiro','RJ'),(69,'EDUARDA','ANDRADE','1991-04-21','2013-08-03 00:00:00',2,'PENHA','Rio de Janeiro','RJ'),(70,'GLÓRIA','FONTANA','1992-12-26','2013-02-05 00:00:00',2,'FLAMENGO','Rio de Janeiro','RJ'),(71,'FERNANDA','GARCIA','1993-07-15','2009-10-26 00:00:00',1,'FLAMENGO','Rio de Janeiro','RJ'),(72,'FERNANDA','PEREIRA','1999-10-07','2012-05-05 00:00:00',2,'BARRA DA TIJUCA','Rio de Janeiro','RJ'),(73,'ISABEL','ANDRADE','1988-06-03','2014-05-07 00:00:00',3,'FLAMENGO','Rio de Janeiro','RJ'),(74,'CLAUDIA','FONTANA','1995-03-15','2010-02-07 00:00:00',3,'MÉIER','Rio de Janeiro','RJ'),(75,'DANIELLE','GARCIA','1986-10-01','2012-11-25 00:00:00',2,'FLAMENGO','Rio de Janeiro','RJ'),(76,'GLÓRIA','PEREIRA','1983-12-06','2009-10-22 00:00:00',2,'PENHA','Rio de Janeiro','RJ'),(77,'ISABEL','ANDRADE','1999-11-19','2012-12-03 00:00:00',2,'FLAMENGO','Rio de Janeiro','RJ'),(78,'FERNANDA','FONTANA','1993-08-03','2012-08-11 00:00:00',3,'FLAMENGO','Rio de Janeiro','RJ'),(79,'DANIELLE','GARCIA','1986-07-20','2014-06-11 00:00:00',2,'FLAMENGO','Rio de Janeiro','RJ'),(80,'BRUNA','PEREIRA','1990-04-21','2013-09-13 00:00:00',3,'MÉIER','Rio de Janeiro','RJ'),(81,'ISABEL','ANDRADE','1986-12-22','2009-08-08 00:00:00',2,'COPACABANA','Rio de Janeiro','RJ'),(82,'EDUARDA','FONTANA','1994-01-25','2011-06-02 00:00:00',3,'FLAMENGO','Rio de Janeiro','RJ'),(83,'HELENA','GARCIA','1999-02-17','2012-06-11 00:00:00',2,'BARRA DA TIJUCA','Rio de Janeiro','RJ'),(84,'ISABEL','PEREIRA','1991-01-12','2009-11-12 00:00:00',2,'COPACABANA','Rio de Janeiro','RJ'),(85,'HELENA','ANDRADE','1991-06-08','2009-06-04 00:00:00',1,'PENHA','Rio de Janeiro','RJ'),(86,'ANA','FONTANA','1991-11-19','2012-04-14 00:00:00',2,'MÉIER','Rio de Janeiro','RJ'),(87,'CLAUDIA','GARCIA','1999-11-14','2013-08-18 00:00:00',2,'COPACABANA','Rio de Janeiro','RJ'),(88,'BRUNA','PEREIRA','1997-11-23','2011-06-08 00:00:00',3,'FLAMENGO','Rio de Janeiro','RJ'),(89,'DANIELLE','ANDRADE','1989-05-08','2010-07-03 00:00:00',2,'MÉIER','Rio de Janeiro','RJ'),(90,'HELENA','FONTANA','1997-08-13','2011-02-25 00:00:00',1,'PENHA','Rio de Janeiro','RJ'),(91,'EDUARDA','GARCIA','1980-12-19','2011-02-08 00:00:00',1,'PENHA','Rio de Janeiro','RJ'),(92,'HELENA','PEREIRA','1982-04-23','2011-02-16 00:00:00',2,'PENHA','Rio de Janeiro','RJ'),(93,'GLÓRIA','ANDRADE','1996-09-02','2009-01-04 00:00:00',2,'COPACABANA','Rio de Janeiro','RJ'),(94,'HELENA','FONTANA','1995-02-08','2013-09-27 00:00:00',2,'COPACABANA','Rio de Janeiro','RJ'),(95,'FERNANDA','GARCIA','1992-04-11','2009-04-06 00:00:00',1,'COPACABANA','Rio de Janeiro','RJ'),(96,'BRUNA','PEREIRA','1998-01-10','2012-02-17 00:00:00',3,'BARRA DA TIJUCA','Rio de Janeiro','RJ'),(97,'GLÓRIA','ANDRADE','1995-07-18','2011-09-25 00:00:00',1,'FLAMENGO','Rio de Janeiro','RJ'),(98,'ANA','FONTANA','1987-02-05','2012-05-04 00:00:00',2,'FLAMENGO','Rio de Janeiro','RJ'),(99,'HELENA','GARCIA','2000-04-08','2012-01-13 00:00:00',1,'COPACABANA','Rio de Janeiro','RJ'),(100,'FERNANDA','PEREIRA','1981-11-05','2009-07-22 00:00:00',1,'PENHA','Rio de Janeiro','RJ');
UNLOCK TABLES;

--
-- Table structure for table `PRODUTOS`
--


CREATE TABLE `PRODUTOS` (
  `id` int(11) NOT NULL,
  `nome` varchar(255) COLLATE utf8_unicode_ci DEFAULT NULL,
  `tamanho` varchar(5) COLLATE utf8_unicode_ci DEFAULT NULL,
  `cor` varchar(15) COLLATE utf8_unicode_ci DEFAULT NULL,
  `categoria` varchar(45) COLLATE utf8_unicode_ci DEFAULT NULL,
  `subcategoria` varchar(45) COLLATE utf8_unicode_ci DEFAULT NULL,
  PRIMARY KEY (`id`)
) ENGINE=InnoDB DEFAULT CHARSET=utf8 COLLATE=utf8_unicode_ci;

--
-- Dumping data for table `PRODUTOS`
--

LOCK TABLES `PRODUTOS` WRITE;
INSERT INTO `PRODUTOS` VALUES (1,'VESTIDO LONGO AZUL','G','AZUL','VESTIDO','VESTIDO LONGO'),(2,'VESTIDO CURTO VERMELHO','G','VERMELHO','VESTIDO','VESTIDO CURTO'),(3,'VESTIDO VERDE','M','VERDE','VESTIDO',NULL),(4,'BLUSA SEM MANGA ROXA','P','ROXO','BLUSA','BLUSA SEM MANGA'),(5,'BLUSA COM MANGA BRANCA','M','BRANCO','BLUSA','BLUSA COM MANGA'),(6,'BLUSA PRETA','G','PRETO','BLUSA','BLUSA'),(7,'MINISSAIA JEANS','M','AZUL','MINISSAIA','MINISSAIA JEANS'),(8,'SHORT JEANS PRETO','G','PRETO','SHORT','SHORT JEANS'),(9,'SAIA LONGA MARROM','P','MARROM','SAIA','SAIA LONGA'),(10,'CALÇA JEANS LEVY\'S','P','AZUL','CALÇA','CALÇA JEANS LEVY\'S'),(11,'CALÇA JEANS GRAFITE','M','CINZA','CALÇA','CALÇA JEANS'),(12,'CALÇA JEANS BLUE NAVY','G','AZUL','CALÇA','CALÇA JEANS');
UNLOCK TABLES;

--
-- Table structure for table `VENDAS`
--


CREATE TABLE `VENDAS` (
  `id` bigint(20) NOT NULL,
  `cliente_id` int(11) DEFAULT NULL,
  `loja_id` int(11) DEFAULT NULL,
  `data` date DEFAULT NULL,
  `valor_bruto` decimal(10,2) DEFAULT NULL,
  `valor_desconto` decimal(10,2) DEFAULT NULL,
  `valor_final` decimal(10,2) DEFAULT NULL,
  PRIMARY KEY (`id`),
  KEY `fk_cliente_idx` (`cliente_id`),
  KEY `fk_loja_idx` (`loja_id`)
) ENGINE=InnoDB DEFAULT CHARSET=utf8 COLLATE=utf8_unicode_ci;

--
-- Dumping data for table `VENDAS`
--

LOCK TABLES `VENDAS` WRITE;
INSERT INTO `VENDAS` VALUES (1,19,2,'2012-01-08',255.00,12.00,243.00),(2,19,2,'2013-07-14',409.00,28.00,381.00),(3,37,2,'2014-08-12',44.00,3.00,41.00),(4,37,2,'2013-09-24',243.00,23.00,220.00),(5,74,2,'2012-02-19',340.00,10.00,330.00),(6,81,3,'2012-07-07',308.00,10.00,298.00),(7,3,3,'2015-09-15',270.00,6.00,264.00),(8,40,2,'2012-02-24',97.00,3.00,94.00),(9,11,3,'2012-08-20',158.00,15.00,143.00),(10,23,1,'2014-07-12',25.00,3.00,22.00),(11,79,1,'2016-01-05',63.00,5.00,58.00),(12,61,1,'2013-08-25',135.00,22.00,113.00),(13,65,3,'2014-10-11',271.00,10.00,261.00),(14,52,2,'2015-09-07',99.00,9.00,90.00),(15,63,1,'2012-01-16',106.00,16.00,90.00),(16,70,1,'2014-09-07',499.00,17.00,482.00),(17,71,2,'2012-10-10',180.00,12.00,168.00),(18,53,1,'2012-09-22',153.00,14.00,139.00),(19,52,2,'2014-08-13',301.00,28.00,273.00),(20,12,1,'2014-05-05',159.00,13.00,146.00),(21,79,2,'2013-08-16',75.00,2.00,73.00),(22,3,2,'2011-03-26',197.00,10.00,187.00),(23,42,2,'2014-05-18',393.00,28.00,365.00),(24,24,3,'2012-11-22',42.00,8.00,34.00),(25,82,1,'2012-11-23',142.00,21.00,121.00),(26,71,3,'2011-09-09',82.00,6.00,76.00),(27,16,3,'2011-04-08',298.00,6.00,292.00),(28,46,2,'2013-03-15',91.00,1.00,90.00),(29,3,1,'2014-07-09',249.00,12.00,237.00),(30,53,1,'2014-08-03',68.00,4.00,64.00),(31,79,3,'2016-01-03',204.00,6.00,198.00),(32,55,2,'2014-07-05',52.00,3.00,49.00),(33,36,1,'2016-06-17',412.00,12.00,400.00),(34,16,1,'2013-11-02',361.00,0.00,361.00),(35,59,1,'2014-03-03',397.00,20.00,377.00),(36,67,2,'2015-10-20',47.00,5.00,42.00),(37,68,3,'2016-07-02',454.00,25.00,429.00),(38,49,2,'2015-01-07',437.00,41.00,396.00),(39,39,3,'2015-02-26',86.00,16.00,70.00),(40,50,2,'2014-01-27',96.00,7.00,89.00),(41,41,1,'2014-10-01',202.00,12.00,190.00),(42,53,2,'2013-06-20',84.00,10.00,74.00),(43,51,3,'2014-09-26',384.00,0.00,384.00),(44,10,2,'2015-03-03',143.00,4.00,139.00),(45,70,2,'2014-01-24',557.00,20.00,537.00),(46,54,3,'2011-09-21',184.00,6.00,178.00),(47,59,1,'2013-03-03',23.00,1.00,22.00),(48,41,2,'2013-07-16',159.00,19.00,140.00),(49,29,1,'2014-01-20',63.00,18.00,45.00),(50,22,2,'2016-08-11',265.00,22.00,243.00),(51,19,2,'2015-04-23',177.00,6.00,171.00),(52,30,1,'2014-09-17',25.00,5.00,20.00),(53,3,2,'2013-08-16',261.00,9.00,252.00),(54,13,3,'2013-11-06',267.00,14.00,253.00),(55,56,1,'2014-04-15',169.00,19.00,150.00),(56,61,2,'2015-06-15',129.00,24.00,105.00),(57,46,1,'2015-01-16',185.00,16.00,169.00),(58,46,2,'2015-06-24',116.00,0.00,116.00),(59,1,2,'2015-03-09',360.00,27.00,333.00),(60,45,2,'2012-01-12',145.00,8.00,137.00),(61,44,3,'2014-06-22',209.00,28.00,181.00),(62,84,3,'2016-05-26',87.00,0.00,87.00),(63,21,1,'2014-04-14',152.00,25.00,127.00),(64,28,2,'2010-12-05',185.00,11.00,174.00),(65,77,2,'2014-11-20',73.00,0.00,73.00),(66,34,2,'2012-11-03',537.00,41.00,496.00),(67,25,1,'2015-10-12',48.00,7.00,41.00),(68,22,2,'2016-07-16',273.00,27.00,246.00),(69,35,2,'2015-07-15',372.00,35.00,337.00),(70,17,3,'2011-12-02',273.00,15.00,258.00),(71,69,3,'2016-10-05',90.00,6.00,84.00),(72,24,2,'2012-04-16',531.00,24.00,507.00),(73,3,1,'2014-05-27',423.00,17.00,406.00),(74,32,1,'2011-04-10',276.00,18.00,258.00),(75,60,2,'2012-06-15',21.00,1.00,20.00),(76,24,3,'2015-09-04',394.00,49.00,345.00),(77,28,3,'2016-08-14',30.00,4.00,26.00),(78,69,3,'2012-01-09',633.00,42.00,591.00),(79,79,1,'2012-07-02',228.00,24.00,204.00),(80,10,3,'2013-02-05',60.00,5.00,55.00),(81,81,3,'2015-03-07',270.00,23.00,247.00),(82,16,3,'2014-07-08',75.00,12.00,63.00),(83,14,2,'2011-09-14',348.00,14.00,334.00),(84,20,1,'2016-06-11',203.00,3.00,200.00),(85,60,2,'2012-06-20',602.00,22.00,580.00),(86,59,1,'2012-08-09',311.00,0.00,311.00),(87,26,2,'2011-01-17',516.00,19.00,497.00),(88,42,2,'2013-06-21',31.00,0.00,31.00),(89,41,2,'2014-08-17',333.00,11.00,322.00),(90,76,2,'2014-03-26',644.00,45.00,599.00),(91,81,1,'2014-12-24',214.00,8.00,206.00),(92,85,2,'2011-04-10',312.00,23.00,289.00),(93,4,1,'2012-08-10',162.00,9.00,153.00),(94,29,1,'2013-02-06',300.00,8.00,292.00),(95,45,2,'2011-12-28',49.00,5.00,44.00),(96,47,2,'2012-07-03',123.00,2.00,121.00),(97,9,2,'2015-12-22',209.00,11.00,198.00),(98,82,3,'2014-06-05',194.00,14.00,180.00),(99,27,3,'2014-05-20',330.00,18.00,312.00),(100,67,1,'2016-04-15',72.00,12.00,60.00),(101,74,3,'2012-02-26',450.00,0.00,450.00),(102,78,2,'2015-02-07',325.00,14.00,311.00),(103,78,2,'2012-12-09',180.00,0.00,180.00),(104,68,2,'2013-10-20',21.00,1.00,20.00),(105,13,3,'2013-04-08',323.00,20.00,303.00),(106,39,2,'2012-07-20',249.00,9.00,240.00),(107,65,2,'2012-01-13',454.00,39.00,415.00),(108,31,3,'2012-05-09',91.00,5.00,86.00),(109,47,2,'2016-07-16',96.00,7.00,89.00),(110,52,3,'2012-01-03',62.00,6.00,56.00),(111,29,1,'2011-03-19',231.00,6.00,225.00),(112,79,1,'2013-10-02',108.00,8.00,100.00),(113,40,3,'2010-12-13',89.00,2.00,87.00),(114,48,2,'2014-08-11',93.00,14.00,79.00),(115,32,2,'2016-03-25',634.00,33.00,601.00),(116,16,1,'2013-07-18',242.00,9.00,233.00),(117,72,2,'2014-07-20',86.00,6.00,80.00),(118,44,2,'2015-02-10',559.00,38.00,521.00),(119,1,3,'2012-03-01',89.00,0.00,89.00),(120,53,3,'2014-01-15',348.00,22.00,326.00),(121,80,2,'2012-11-25',68.00,4.00,64.00),(122,63,2,'2010-12-05',210.00,11.00,199.00),(123,72,1,'2013-04-08',312.00,28.00,284.00),(124,85,2,'2012-12-04',114.00,14.00,100.00),(125,26,1,'2011-01-15',32.00,4.00,28.00),(126,55,2,'2014-03-04',395.00,25.00,370.00),(127,15,2,'2013-08-01',218.00,21.00,197.00),(128,89,2,'2011-04-01',556.00,15.00,541.00),(129,44,3,'2013-03-23',96.00,16.00,80.00),(130,38,2,'2012-09-02',350.00,24.00,326.00),(131,59,2,'2013-02-07',120.00,8.00,112.00),(132,89,2,'2013-12-10',306.00,19.00,287.00),(133,1,2,'2014-06-09',198.00,8.00,190.00),(134,6,3,'2016-10-27',249.00,21.00,228.00),(135,23,2,'2015-05-08',419.00,29.00,390.00),(136,9,2,'2014-05-22',126.00,12.00,114.00),(137,64,2,'2011-05-12',316.00,47.00,269.00),(138,23,2,'2011-04-26',114.00,6.00,108.00),(139,12,2,'2012-03-03',98.00,12.00,86.00),(140,81,3,'2014-07-07',62.00,12.00,50.00),(141,9,2,'2013-09-18',399.00,30.00,369.00),(142,71,3,'2013-09-04',52.00,8.00,44.00),(143,58,1,'2012-01-11',144.00,6.00,138.00),(144,76,1,'2013-04-10',99.00,9.00,90.00),(145,29,2,'2016-02-12',133.00,16.00,117.00),(146,5,1,'2012-05-26',138.00,21.00,117.00),(147,24,1,'2012-09-28',92.00,6.00,86.00),(148,17,2,'2013-12-11',315.00,24.00,291.00),(149,11,2,'2016-06-20',324.00,26.00,298.00),(150,1,1,'2014-01-11',109.00,3.00,106.00),(151,63,2,'2012-06-04',135.00,27.00,108.00),(152,43,3,'2013-07-23',91.00,0.00,91.00),(153,24,2,'2015-08-17',258.00,4.00,254.00),(154,80,3,'2015-08-20',228.00,40.00,188.00),(155,58,2,'2015-09-03',444.00,24.00,420.00),(156,52,2,'2014-12-09',360.00,30.00,330.00),(157,84,2,'2015-04-22',283.00,24.00,259.00),(158,83,2,'2014-02-25',142.00,2.00,140.00),(159,73,3,'2013-10-21',384.00,45.00,339.00),(160,27,2,'2012-12-27',106.00,12.00,94.00),(161,5,2,'2014-08-06',392.00,10.00,382.00),(162,33,2,'2014-09-19',74.00,8.00,66.00),(163,59,2,'2014-04-06',112.00,22.00,90.00),(164,15,2,'2015-08-12',123.00,3.00,120.00),(165,77,2,'2012-05-02',498.00,33.00,465.00),(166,73,2,'2015-03-21',259.00,31.00,228.00),(167,43,3,'2016-07-23',27.00,6.00,21.00),(168,85,2,'2014-05-02',350.00,21.00,329.00),(169,29,1,'2015-09-06',168.00,12.00,156.00),(170,65,1,'2015-08-15',171.00,21.00,150.00),(171,60,2,'2014-09-18',154.00,3.00,151.00),(172,16,2,'2014-02-25',194.00,6.00,188.00),(173,76,1,'2015-08-09',211.00,18.00,193.00),(174,64,3,'2013-12-18',196.00,22.00,174.00),(175,3,1,'2011-01-14',168.00,2.00,166.00),(176,87,3,'2011-02-11',378.00,22.00,356.00),(177,70,1,'2013-09-11',129.00,9.00,120.00),(178,87,2,'2015-02-04',314.00,16.00,298.00),(179,45,2,'2013-11-05',42.00,1.00,41.00),(180,55,3,'2014-06-06',668.00,28.00,640.00),(181,49,2,'2012-07-04',118.00,2.00,116.00),(182,80,3,'2011-08-18',236.00,26.00,210.00),(183,75,2,'2013-07-10',482.00,28.00,454.00),(184,44,2,'2011-05-16',325.00,21.00,304.00),(185,81,2,'2012-10-14',282.00,21.00,261.00),(186,5,2,'2013-07-15',363.00,14.00,349.00),(187,51,2,'2015-01-05',189.00,22.00,167.00),(188,58,2,'2014-12-12',202.00,14.00,188.00),(189,49,3,'2015-07-07',459.00,30.00,429.00),(190,71,3,'2013-07-13',270.00,12.00,258.00),(191,27,2,'2016-06-07',144.00,4.00,140.00),(192,13,2,'2014-02-08',142.00,16.00,126.00),(193,69,3,'2014-05-14',258.00,3.00,255.00),(194,37,2,'2012-05-08',172.00,14.00,158.00),(195,67,1,'2016-02-18',294.00,31.00,263.00),(196,44,2,'2012-04-22',238.00,20.00,218.00),(197,20,3,'2014-06-22',79.00,0.00,79.00),(198,57,2,'2014-03-25',72.00,2.00,70.00),(199,43,2,'2012-06-14',44.00,2.00,42.00),(200,44,3,'2012-06-11',453.00,23.00,430.00),(201,88,1,'2013-08-21',261.00,36.00,225.00),(202,43,3,'2011-09-15',448.00,35.00,413.00),(203,38,1,'2014-01-10',48.00,6.00,42.00),(204,59,2,'2015-01-17',381.00,17.00,364.00),(205,3,1,'2012-02-21',36.00,1.00,35.00),(206,14,2,'2011-09-20',207.00,6.00,201.00),(207,59,2,'2016-03-04',250.00,9.00,241.00),(208,73,2,'2013-07-10',140.00,4.00,136.00),(209,11,2,'2014-03-25',527.00,30.00,497.00),(210,11,2,'2015-08-17',188.00,14.00,174.00),(211,22,2,'2013-02-02',251.00,8.00,243.00),(212,76,3,'2015-08-25',301.00,17.00,284.00),(213,47,2,'2015-02-08',105.00,9.00,96.00),(214,6,1,'2014-12-24',247.00,24.00,223.00),(215,65,2,'2011-07-08',276.00,38.00,238.00),(216,38,3,'2015-06-28',75.00,6.00,69.00),(217,82,1,'2012-05-26',128.00,20.00,108.00),(218,29,2,'2012-12-16',316.00,22.00,294.00),(219,75,2,'2013-06-03',276.00,4.00,272.00),(220,20,2,'2013-06-10',293.00,10.00,283.00),(221,55,2,'2014-12-06',127.00,17.00,110.00),(222,33,1,'2015-03-01',394.00,28.00,366.00),(223,88,2,'2015-07-26',108.00,9.00,99.00),(224,75,2,'2013-02-02',111.00,17.00,94.00),(225,20,2,'2015-02-24',376.00,37.00,339.00),(226,52,1,'2014-10-06',172.00,14.00,158.00),(227,22,1,'2016-06-13',57.00,6.00,51.00),(228,39,2,'2014-05-17',64.00,8.00,56.00),(229,41,3,'2014-05-20',114.00,13.00,101.00),(230,88,2,'2015-05-06',333.00,38.00,295.00),(231,50,3,'2014-08-02',170.00,4.00,166.00),(232,71,1,'2012-04-19',142.00,13.00,129.00),(233,26,3,'2013-11-06',213.00,24.00,189.00),(234,4,2,'2015-10-08',444.00,30.00,414.00),(235,33,3,'2016-06-05',243.00,3.00,240.00),(236,61,2,'2012-02-18',53.00,6.00,47.00),(237,26,2,'2013-08-27',81.00,2.00,79.00),(238,36,2,'2012-05-07',256.00,8.00,248.00),(239,11,1,'2014-07-09',338.00,12.00,326.00),(240,37,2,'2013-02-20',195.00,21.00,174.00),(241,62,1,'2012-12-03',556.00,24.00,532.00),(242,20,1,'2014-10-01',140.00,2.00,138.00),(243,89,1,'2012-02-21',238.00,28.00,210.00),(244,28,3,'2016-08-02',60.00,6.00,54.00),(245,50,1,'2015-09-27',164.00,10.00,154.00),(246,77,2,'2012-02-18',147.00,15.00,132.00),(247,57,2,'2016-04-12',186.00,30.00,156.00),(248,51,2,'2014-05-02',648.00,32.00,616.00),(249,82,1,'2015-09-07',408.00,20.00,388.00),(250,79,2,'2012-06-09',47.00,0.00,47.00),(251,60,2,'2013-09-01',44.00,7.00,37.00),(252,60,2,'2013-09-01',183.00,18.00,165.00),(253,31,2,'2012-01-19',223.00,13.00,210.00),(254,65,1,'2015-03-13',158.00,12.00,146.00),(255,52,3,'2013-01-15',197.00,8.00,189.00),(256,64,2,'2013-12-23',366.00,20.00,346.00),(257,74,1,'2010-12-15',237.00,9.00,228.00),(258,87,2,'2014-01-12',240.00,27.00,213.00),(259,35,1,'2013-11-08',52.00,14.00,38.00),(260,89,3,'2013-09-04',246.00,9.00,237.00),(261,72,2,'2013-04-26',324.00,16.00,308.00),(262,3,3,'2015-03-07',130.00,16.00,114.00),(263,66,2,'2015-09-03',260.00,18.00,242.00),(264,54,2,'2015-02-08',93.00,7.00,86.00),(265,70,3,'2014-02-04',60.00,0.00,60.00),(266,8,1,'2014-04-27',288.00,29.00,259.00),(267,9,2,'2014-11-21',211.00,20.00,191.00),(268,17,3,'2012-04-14',106.00,12.00,94.00),(269,59,3,'2015-12-13',76.00,3.00,73.00),(270,64,1,'2011-02-06',129.00,15.00,114.00),(271,53,2,'2015-05-17',141.00,3.00,138.00),(272,74,1,'2013-05-16',687.00,35.00,652.00),(273,30,2,'2013-04-21',345.00,12.00,333.00),(274,15,3,'2014-12-22',471.00,30.00,441.00),(275,72,2,'2011-09-08',45.00,3.00,42.00),(276,50,2,'2016-05-18',342.00,13.00,329.00),(277,31,2,'2014-07-22',165.00,15.00,150.00),(278,3,2,'2012-09-08',273.00,12.00,261.00),(279,13,2,'2014-09-15',132.00,8.00,124.00),(280,54,2,'2015-08-11',217.00,10.00,207.00),(281,52,1,'2014-09-22',106.00,0.00,106.00),(282,10,2,'2014-01-06',344.00,17.00,327.00),(283,69,2,'2013-01-12',387.00,6.00,381.00),(284,46,3,'2016-06-11',180.00,12.00,168.00),(285,23,2,'2012-02-18',171.00,16.00,155.00),(286,65,2,'2013-09-03',481.00,3.00,478.00),(287,77,2,'2015-02-02',98.00,1.00,97.00),(288,12,3,'2014-09-19',271.00,29.00,242.00),(289,5,3,'2015-06-26',298.00,31.00,267.00),(290,79,2,'2012-06-19',294.00,24.00,270.00),(291,23,3,'2011-12-02',236.00,6.00,230.00),(292,54,2,'2015-01-15',272.00,40.00,232.00),(293,24,1,'2014-07-03',92.00,22.00,70.00),(294,44,2,'2012-08-06',64.00,10.00,54.00),(295,58,2,'2015-08-10',140.00,14.00,126.00),(296,67,3,'2015-02-05',149.00,9.00,140.00),(297,73,3,'2012-06-16',339.00,6.00,333.00),(298,71,3,'2012-06-27',51.00,3.00,48.00),(299,49,3,'2014-02-22',244.00,28.00,216.00),(300,29,1,'2014-02-17',183.00,12.00,171.00),(301,86,2,'2012-09-24',294.00,14.00,280.00),(302,74,2,'2010-12-11',384.00,31.00,353.00),(303,24,2,'2012-04-23',51.00,4.00,47.00),(304,74,1,'2011-03-17',174.00,23.00,151.00),(305,29,2,'2011-09-13',139.00,9.00,130.00),(306,13,2,'2011-01-13',171.00,8.00,163.00),(307,63,3,'2011-05-15',403.00,9.00,394.00),(308,11,3,'2013-08-09',563.00,36.00,527.00),(309,41,2,'2013-02-02',93.00,5.00,88.00),(310,84,3,'2012-12-08',639.00,9.00,630.00),(311,30,2,'2012-09-23',71.00,6.00,65.00),(312,72,3,'2014-02-21',27.00,5.00,22.00),(313,4,2,'2013-03-09',114.00,14.00,100.00),(314,71,3,'2011-12-23',115.00,18.00,97.00),(315,73,1,'2012-08-15',304.00,17.00,287.00),(316,65,1,'2014-08-16',27.00,4.00,23.00),(317,12,2,'2013-04-12',136.00,12.00,124.00),(318,45,2,'2015-09-03',252.00,23.00,229.00),(319,11,1,'2015-08-05',46.00,2.00,44.00),(320,6,1,'2013-07-19',241.00,3.00,238.00),(321,85,2,'2015-03-20',181.00,7.00,174.00),(322,50,3,'2013-03-05',242.00,16.00,226.00),(323,81,2,'2015-08-23',213.00,9.00,204.00),(324,79,2,'2012-08-16',172.00,16.00,156.00),(325,62,1,'2013-05-21',261.00,21.00,240.00),(326,73,1,'2012-01-10',128.00,16.00,112.00),(327,88,3,'2012-03-28',294.00,21.00,273.00),(328,41,2,'2013-09-11',226.00,20.00,206.00),(329,31,2,'2013-09-20',210.00,20.00,190.00),(330,28,2,'2014-01-22',207.00,15.00,192.00),(331,48,3,'2014-01-15',216.00,0.00,216.00),(332,67,1,'2011-12-25',51.00,1.00,50.00),(333,11,2,'2016-03-26',411.00,39.00,372.00),(334,29,2,'2011-12-21',81.00,3.00,78.00),(335,25,2,'2015-09-07',225.00,21.00,204.00),(336,35,1,'2011-03-17',172.00,10.00,162.00),(337,9,2,'2016-03-06',276.00,27.00,249.00),(338,30,2,'2012-04-23',98.00,10.00,88.00),(339,31,3,'2012-06-09',42.00,7.00,35.00),(340,65,2,'2011-07-14',68.00,8.00,60.00),(341,53,2,'2013-01-01',225.00,10.00,215.00),(342,67,1,'2015-09-05',194.00,12.00,182.00),(343,88,2,'2012-12-21',230.00,30.00,200.00),(344,59,2,'2014-08-13',153.00,18.00,135.00),(345,31,2,'2015-03-09',279.00,15.00,264.00),(346,65,3,'2013-09-04',321.00,22.00,299.00),(347,54,1,'2015-02-27',117.00,9.00,108.00),(348,75,2,'2012-08-12',411.00,16.00,395.00),(349,34,2,'2014-02-23',326.00,18.00,308.00),(350,31,1,'2013-04-03',461.00,12.00,449.00),(351,53,2,'2015-03-04',166.00,4.00,162.00),(352,82,2,'2014-08-13',185.00,12.00,173.00),(353,73,1,'2016-01-25',112.00,8.00,104.00),(354,27,3,'2012-02-27',100.00,18.00,82.00),(355,5,2,'2013-08-21',273.00,3.00,270.00),(356,30,2,'2012-05-03',306.00,15.00,291.00),(357,47,2,'2010-12-10',222.00,4.00,218.00),(358,54,3,'2012-01-08',180.00,0.00,180.00),(359,41,3,'2012-05-09',187.00,11.00,176.00),(360,39,1,'2015-08-21',268.00,18.00,250.00),(361,73,2,'2013-12-27',261.00,24.00,237.00),(362,68,3,'2014-07-02',84.00,21.00,63.00),(363,33,1,'2014-07-25',441.00,6.00,435.00),(364,48,1,'2012-01-15',221.00,15.00,206.00),(365,50,2,'2013-04-26',135.00,21.00,114.00),(366,18,3,'2013-12-18',136.00,12.00,124.00),(367,26,1,'2016-06-23',152.00,10.00,142.00),(368,74,2,'2012-02-14',44.00,8.00,36.00),(369,27,3,'2014-12-07',121.00,22.00,99.00),(370,88,1,'2016-02-11',333.00,21.00,312.00),(371,3,1,'2015-09-16',42.00,7.00,35.00),(372,16,1,'2014-03-03',271.00,40.00,231.00),(373,72,1,'2014-02-10',267.00,0.00,267.00),(374,45,2,'2011-03-15',312.00,21.00,291.00),(375,5,1,'2015-08-27',471.00,3.00,468.00),(376,69,2,'2015-04-15',132.00,24.00,108.00),(377,61,2,'2015-09-06',209.00,7.00,202.00),(378,10,2,'2011-11-21',543.00,42.00,501.00),(379,44,2,'2012-02-19',284.00,25.00,259.00),(380,9,2,'2016-01-06',124.00,4.00,120.00),(381,2,1,'2013-11-02',174.00,9.00,165.00),(382,71,1,'2015-05-17',439.00,28.00,411.00),(383,80,3,'2012-08-19',171.00,17.00,154.00),(384,7,3,'2014-03-22',46.00,8.00,38.00),(385,63,1,'2014-11-24',89.00,4.00,85.00),(386,24,1,'2016-03-03',318.00,18.00,300.00),(387,19,2,'2012-06-09',346.00,28.00,318.00),(388,24,2,'2013-09-13',107.00,7.00,100.00),(389,60,1,'2012-01-15',193.00,26.00,167.00),(390,48,2,'2015-05-07',64.00,6.00,58.00),(391,62,2,'2014-10-04',215.00,20.00,195.00),(392,73,2,'2011-05-17',272.00,12.00,260.00),(393,89,3,'2012-03-18',174.00,3.00,171.00),(394,46,3,'2016-05-26',80.00,6.00,74.00),(395,53,1,'2015-09-01',138.00,12.00,126.00),(396,37,2,'2012-06-16',242.00,16.00,226.00),(397,23,2,'2012-07-25',120.00,15.00,105.00),(398,3,1,'2011-04-03',457.00,54.00,403.00),(399,33,2,'2015-03-19',537.00,27.00,510.00),(400,67,2,'2015-10-13',237.00,15.00,222.00),(401,56,2,'2013-03-15',95.00,7.00,88.00),(402,78,2,'2014-11-21',180.00,9.00,171.00),(403,45,3,'2016-07-22',231.00,8.00,223.00),(404,80,1,'2016-06-24',54.00,0.00,54.00),(405,84,2,'2014-06-13',196.00,16.00,180.00),(406,3,2,'2012-09-24',185.00,15.00,170.00),(407,26,2,'2014-11-21',250.00,20.00,230.00),(408,34,1,'2014-04-20',219.00,3.00,216.00),(409,90,1,'2014-03-01',178.00,22.00,156.00),(410,78,2,'2015-11-09',144.00,7.00,137.00),(411,30,2,'2015-05-14',239.00,20.00,219.00),(412,7,3,'2015-03-06',348.00,15.00,333.00),(413,31,3,'2011-04-02',50.00,6.00,44.00),(414,44,3,'2016-02-16',46.00,6.00,40.00),(415,36,1,'2014-10-13',477.00,19.00,458.00),(416,49,2,'2013-04-01',110.00,2.00,108.00),(417,47,2,'2013-05-23',64.00,1.00,63.00),(418,87,3,'2015-02-20',454.00,30.00,424.00),(419,27,1,'2015-02-22',74.00,2.00,72.00),(420,48,1,'2013-04-04',294.00,33.00,261.00),(421,70,1,'2013-04-25',305.00,11.00,294.00),(422,29,1,'2015-03-13',118.00,6.00,112.00),(423,23,2,'2014-12-06',226.00,31.00,195.00),(424,27,2,'2015-11-08',297.00,6.00,291.00),(425,64,2,'2011-05-17',54.00,0.00,54.00),(426,59,2,'2011-03-19',334.00,5.00,329.00),(427,16,2,'2016-10-04',42.00,8.00,34.00),(428,77,2,'2015-08-17',187.00,6.00,181.00),(429,69,2,'2014-09-19',613.00,32.00,581.00),(430,25,1,'2013-02-21',78.00,7.00,71.00),(431,6,3,'2011-01-25',166.00,2.00,164.00),(432,43,1,'2016-06-22',150.00,8.00,142.00),(433,19,1,'2014-10-07',64.00,3.00,61.00),(434,55,3,'2015-03-11',99.00,0.00,99.00),(435,39,1,'2014-12-25',169.00,1.00,168.00),(436,27,3,'2012-03-28',54.00,5.00,49.00),(437,17,3,'2011-03-12',234.00,22.00,212.00),(438,2,2,'2015-04-07',406.00,34.00,372.00),(439,49,1,'2015-01-21',34.00,6.00,28.00),(440,59,2,'2015-03-17',219.00,23.00,196.00),(441,60,2,'2015-06-25',171.00,24.00,147.00),(442,31,3,'2012-05-20',267.00,26.00,241.00),(443,64,1,'2011-03-24',540.00,50.00,490.00),(444,48,1,'2013-10-18',421.00,22.00,399.00),(445,47,2,'2015-07-06',306.00,27.00,279.00),(446,2,2,'2012-04-16',228.00,6.00,222.00),(447,45,2,'2013-03-21',74.00,6.00,68.00),(448,40,1,'2016-09-22',561.00,39.00,522.00),(449,64,2,'2015-02-02',266.00,8.00,258.00),(450,21,3,'2015-01-25',279.00,21.00,258.00),(451,1,3,'2015-04-03',162.00,12.00,150.00),(452,32,1,'2016-06-23',106.00,2.00,104.00),(453,65,2,'2015-12-16',298.00,32.00,266.00),(454,51,2,'2015-04-06',77.00,1.00,76.00),(455,60,1,'2014-12-25',81.00,0.00,81.00),(456,54,1,'2014-09-27',333.00,31.00,302.00),(457,2,1,'2013-01-22',285.00,21.00,264.00),(458,26,2,'2013-09-18',222.00,0.00,222.00),(459,34,2,'2011-04-06',462.00,36.00,426.00),(460,90,2,'2012-01-18',62.00,5.00,57.00),(461,80,3,'2011-08-25',236.00,28.00,208.00),(462,41,1,'2014-08-03',234.00,28.00,206.00),(463,52,3,'2015-09-15',426.00,42.00,384.00),(464,49,2,'2011-06-03',228.00,26.00,202.00),(465,88,1,'2013-10-23',270.00,3.00,267.00),(466,22,2,'2014-06-19',254.00,11.00,243.00),(467,25,2,'2015-03-09',82.00,2.00,80.00),(468,57,2,'2013-06-18',266.00,16.00,250.00),(469,33,1,'2012-08-04',47.00,7.00,40.00),(470,81,1,'2016-01-27',124.00,8.00,116.00),(471,38,2,'2015-07-11',259.00,20.00,239.00),(472,36,2,'2013-11-15',121.00,1.00,120.00),(473,65,2,'2015-09-07',291.00,15.00,276.00),(474,40,2,'2016-05-01',378.00,16.00,362.00),(475,89,1,'2013-01-05',146.00,12.00,134.00),(476,60,2,'2015-02-19',255.00,20.00,235.00),(477,30,3,'2014-04-14',91.00,6.00,85.00),(478,61,3,'2014-05-26',308.00,22.00,286.00),(479,33,2,'2015-03-10',174.00,8.00,166.00),(480,71,2,'2013-12-17',257.00,13.00,244.00),(481,79,3,'2012-12-13',117.00,18.00,99.00),(482,1,1,'2013-03-13',429.00,28.00,401.00),(483,35,3,'2014-04-18',201.00,0.00,201.00),(484,83,2,'2015-06-20',624.00,47.00,577.00),(485,39,1,'2011-04-09',280.00,22.00,258.00),(486,37,2,'2013-03-26',62.00,2.00,60.00),(487,68,1,'2013-04-24',134.00,15.00,119.00),(488,48,2,'2014-02-18',422.00,14.00,408.00),(489,33,3,'2011-07-05',357.00,12.00,345.00),(490,23,2,'2012-07-11',159.00,9.00,150.00),(491,14,2,'2015-09-08',320.00,13.00,307.00),(492,88,2,'2015-03-14',231.00,14.00,217.00),(493,42,2,'2013-12-27',118.00,28.00,90.00),(494,35,3,'2012-10-17',390.00,22.00,368.00),(495,47,2,'2014-04-17',84.00,8.00,76.00),(496,38,2,'2014-08-11',70.00,12.00,58.00),(497,50,2,'2013-04-27',212.00,26.00,186.00),(498,44,3,'2014-11-22',196.00,12.00,184.00),(499,72,2,'2012-09-02',72.00,5.00,67.00),(500,48,1,'2014-03-13',47.00,0.00,47.00),(501,23,2,'2012-06-20',359.00,20.00,339.00),(502,60,2,'2014-12-21',140.00,10.00,130.00),(503,52,2,'2013-03-22',242.00,28.00,214.00),(504,81,2,'2013-06-02',388.00,28.00,360.00),(505,66,3,'2013-02-11',90.00,16.00,74.00),(506,89,3,'2011-07-17',59.00,2.00,57.00),(507,67,1,'2011-12-25',200.00,10.00,190.00),(508,66,2,'2011-04-11',257.00,26.00,231.00),(509,39,3,'2012-01-08',114.00,4.00,110.00),(510,84,2,'2013-02-15',234.00,15.00,219.00),(511,35,2,'2016-04-10',251.00,15.00,236.00);
UNLOCK TABLES;

--
-- Table structure for table `VENDAS_ITENS`
--


CREATE TABLE `VENDAS_ITENS` (
  `venda_id` bigint(20) NOT NULL,
  `produto_id` int(11) NOT NULL,
  `valor_custo_und` decimal(10,2) DEFAULT NULL,
  `valor_venda_und` decimal(10,2) DEFAULT NULL,
  `valor_desconto_und` decimal(10,2) DEFAULT NULL,
  `quantidade` int(11) DEFAULT NULL,
  PRIMARY KEY (`venda_id`,`produto_id`),
  KEY `fk_produto_idx` (`produto_id`)
) ENGINE=InnoDB DEFAULT CHARSET=utf8 COLLATE=utf8_unicode_ci;

--
-- Dumping data for table `VENDAS_ITENS`
--

LOCK TABLES `VENDAS_ITENS` WRITE;
INSERT INTO `VENDAS_ITENS` VALUES (1,6,28.00,85.00,4.00,3),(2,1,28.00,40.00,3.00,3),(2,3,26.00,83.00,6.00,2),(2,4,11.00,39.00,4.00,1),(2,11,6.00,84.00,3.00,1),(3,7,22.00,44.00,3.00,1),(4,2,31.00,27.00,4.00,2),(4,5,27.00,63.00,5.00,3),(5,2,14.00,55.00,3.00,1),(5,3,14.00,63.00,2.00,2),(5,8,26.00,53.00,1.00,3),(6,2,27.00,53.00,1.00,1),(6,8,27.00,85.00,3.00,3),(7,3,22.00,90.00,2.00,3),(8,3,26.00,97.00,3.00,1),(9,1,5.00,33.00,7.00,2),(9,5,3.00,92.00,1.00,1),(10,8,25.00,25.00,3.00,1),(11,2,27.00,63.00,5.00,1),(12,4,28.00,65.00,6.00,1),(12,6,27.00,35.00,8.00,2),(13,5,19.00,38.00,5.00,2),(13,10,10.00,65.00,0.00,3),(14,6,22.00,33.00,3.00,3),(15,1,19.00,28.00,5.00,3),(15,9,27.00,22.00,1.00,1),(16,1,18.00,82.00,0.00,3),(16,11,7.00,85.00,5.00,2),(16,12,5.00,83.00,7.00,1),(17,3,4.00,60.00,4.00,3),(18,4,29.00,30.00,1.00,2),(18,6,14.00,29.00,0.00,1),(18,11,11.00,32.00,6.00,2),(19,7,9.00,55.00,5.00,3),(19,9,12.00,80.00,6.00,1),(19,10,31.00,56.00,7.00,1),(20,2,28.00,97.00,7.00,1),(20,8,15.00,62.00,6.00,1),(21,7,17.00,75.00,2.00,1),(22,1,8.00,92.00,8.00,1),(22,9,18.00,54.00,0.00,1),(22,10,4.00,51.00,2.00,1),(23,5,22.00,76.00,2.00,3),(23,7,8.00,48.00,7.00,2),(23,10,28.00,69.00,8.00,1),(24,6,26.00,21.00,4.00,2),(25,8,16.00,38.00,5.00,3),(25,10,28.00,28.00,6.00,1),(26,3,30.00,82.00,6.00,1),(27,2,6.00,69.00,2.00,2),(27,3,23.00,80.00,1.00,2),(28,12,9.00,91.00,1.00,1),(29,1,4.00,39.00,3.00,2),(29,5,20.00,57.00,2.00,3),(30,7,28.00,68.00,4.00,1),(31,5,18.00,73.00,2.00,2),(31,7,6.00,58.00,2.00,1),(32,4,29.00,52.00,3.00,1),(33,3,10.00,66.00,0.00,2),(33,6,18.00,72.00,3.00,3),(33,12,28.00,64.00,3.00,1),(34,5,25.00,85.00,0.00,3),(34,8,10.00,53.00,0.00,2),(35,6,30.00,67.00,0.00,2),(35,8,31.00,79.00,8.00,1),(35,12,4.00,92.00,6.00,2),(36,10,12.00,47.00,5.00,1),(37,2,15.00,94.00,0.00,2),(37,5,8.00,73.00,5.00,1),(37,6,22.00,60.00,6.00,1),(37,11,26.00,63.00,6.00,1),(37,12,31.00,35.00,4.00,2),(38,5,19.00,45.00,4.00,2),(38,8,27.00,99.00,7.00,3),(38,9,18.00,25.00,6.00,2),(39,7,5.00,43.00,8.00,2),(40,4,26.00,41.00,5.00,1),(40,7,26.00,55.00,2.00,1),(41,1,20.00,52.00,4.00,1),(41,8,19.00,75.00,4.00,2),(42,4,4.00,42.00,2.00,1),(42,6,17.00,42.00,8.00,1),(43,8,16.00,64.00,0.00,3),(43,10,23.00,96.00,0.00,2),(44,1,9.00,31.00,2.00,2),(44,4,29.00,81.00,0.00,1),(45,2,30.00,54.00,6.00,2),(45,10,4.00,87.00,2.00,3),(45,12,14.00,94.00,1.00,2),(46,5,24.00,31.00,1.00,3),(46,9,20.00,91.00,3.00,1),(47,7,23.00,23.00,1.00,1),(48,4,26.00,58.00,7.00,2),(48,9,27.00,43.00,5.00,1),(49,9,27.00,21.00,6.00,3),(50,2,21.00,33.00,4.00,3),(50,4,21.00,83.00,5.00,2),(51,12,11.00,59.00,2.00,3),(52,10,19.00,25.00,5.00,1),(53,8,31.00,87.00,3.00,3),(54,4,8.00,24.00,1.00,2),(54,9,31.00,73.00,4.00,3),(55,2,12.00,36.00,8.00,2),(55,10,24.00,97.00,3.00,1),(56,6,24.00,43.00,8.00,3),(57,1,16.00,59.00,4.00,2),(57,10,5.00,67.00,8.00,1),(58,9,5.00,58.00,0.00,2),(59,5,6.00,70.00,5.00,3),(59,7,11.00,75.00,6.00,2),(60,5,7.00,65.00,7.00,1),(60,6,29.00,80.00,1.00,1),(61,1,4.00,26.00,1.00,2),(61,9,19.00,28.00,2.00,1),(61,10,23.00,43.00,8.00,3),(62,4,25.00,29.00,0.00,3),(63,3,25.00,74.00,1.00,1),(63,4,17.00,26.00,8.00,3),(64,5,7.00,47.00,2.00,2),(64,6,12.00,55.00,2.00,1),(64,10,7.00,36.00,5.00,1),(65,3,24.00,73.00,0.00,1),(66,2,12.00,77.00,7.00,3),(66,6,12.00,67.00,7.00,2),(66,8,21.00,86.00,3.00,2),(67,1,9.00,48.00,7.00,1),(68,3,9.00,43.00,6.00,3),(68,4,17.00,48.00,3.00,3),(69,10,26.00,93.00,7.00,2),(69,12,18.00,62.00,7.00,3),(70,5,8.00,91.00,5.00,3),(71,10,12.00,90.00,6.00,1),(72,7,8.00,78.00,6.00,3),(72,10,27.00,99.00,2.00,3),(73,7,24.00,81.00,4.00,2),(73,8,8.00,87.00,3.00,3),(74,4,21.00,92.00,6.00,3),(75,4,21.00,21.00,1.00,1),(76,2,10.00,47.00,7.00,3),(76,7,16.00,71.00,5.00,2),(76,11,16.00,37.00,6.00,3),(77,2,3.00,30.00,4.00,1),(78,2,23.00,98.00,4.00,3),(78,3,17.00,65.00,6.00,3),(78,7,11.00,86.00,4.00,1),(78,8,4.00,58.00,8.00,1),(79,4,12.00,91.00,5.00,2),(79,7,16.00,23.00,7.00,2),(80,10,11.00,60.00,5.00,1),(81,2,8.00,51.00,4.00,2),(81,6,30.00,56.00,5.00,3),(82,8,10.00,25.00,4.00,3),(83,7,16.00,98.00,4.00,2),(83,8,17.00,76.00,3.00,2),(84,8,5.00,64.00,0.00,2),(84,11,29.00,75.00,3.00,1),(85,2,12.00,81.00,4.00,3),(85,3,29.00,81.00,2.00,3),(85,5,18.00,63.00,0.00,1),(85,10,30.00,53.00,4.00,1),(86,5,8.00,53.00,0.00,1),(86,10,6.00,86.00,0.00,3),(87,2,5.00,91.00,0.00,3),(87,4,30.00,99.00,8.00,1),(87,10,19.00,42.00,7.00,1),(87,11,3.00,51.00,2.00,2),(88,11,14.00,31.00,0.00,1),(89,4,27.00,61.00,0.00,3),(89,6,5.00,33.00,2.00,1),(89,8,30.00,39.00,3.00,3),(90,1,15.00,75.00,7.00,3),(90,3,10.00,82.00,0.00,2),(90,5,5.00,85.00,8.00,3),(91,3,22.00,77.00,5.00,1),(91,4,3.00,33.00,1.00,2),(91,7,6.00,71.00,1.00,1),(92,1,16.00,78.00,2.00,1),(92,4,5.00,78.00,7.00,3),(93,2,29.00,54.00,3.00,3),(94,5,13.00,95.00,2.00,2),(94,7,5.00,55.00,2.00,2),(95,3,10.00,49.00,5.00,1),(96,5,6.00,62.00,1.00,1),(96,8,25.00,61.00,1.00,1),(97,2,19.00,99.00,3.00,1),(97,9,15.00,55.00,4.00,2),(98,6,17.00,36.00,0.00,1),(98,7,10.00,74.00,7.00,1),(98,11,24.00,84.00,7.00,1),(99,5,30.00,21.00,0.00,3),(99,6,17.00,68.00,4.00,3),(99,11,21.00,21.00,2.00,3),(100,10,21.00,36.00,6.00,2),(101,3,12.00,99.00,0.00,3),(101,12,24.00,51.00,0.00,3),(102,2,23.00,96.00,2.00,1),(102,3,11.00,68.00,0.00,2),(102,11,11.00,31.00,4.00,3),(103,11,21.00,90.00,0.00,2),(104,2,13.00,21.00,1.00,1),(105,3,29.00,52.00,4.00,2),(105,7,16.00,95.00,0.00,1),(105,10,19.00,62.00,6.00,2),(106,8,16.00,83.00,3.00,3),(107,8,22.00,50.00,8.00,3),(107,11,30.00,62.00,3.00,3),(107,12,21.00,59.00,3.00,2),(108,3,15.00,91.00,5.00,1),(109,10,8.00,96.00,7.00,1),(110,7,21.00,31.00,3.00,2),(111,2,21.00,83.00,2.00,2),(111,3,9.00,65.00,2.00,1),(112,7,12.00,54.00,4.00,1),(112,11,27.00,54.00,4.00,1),(113,8,13.00,89.00,2.00,1),(114,10,9.00,24.00,6.00,1),(114,12,31.00,69.00,8.00,1),(115,1,11.00,95.00,6.00,3),(115,5,16.00,92.00,4.00,3),(115,9,15.00,73.00,3.00,1),(116,5,27.00,70.00,3.00,3),(116,9,28.00,32.00,0.00,1),(117,11,29.00,86.00,6.00,1),(118,4,28.00,78.00,5.00,3),(118,5,23.00,31.00,0.00,3),(118,7,30.00,60.00,3.00,3),(118,8,18.00,26.00,7.00,2),(119,7,26.00,89.00,0.00,1),(120,6,15.00,31.00,7.00,1),(120,8,25.00,26.00,6.00,1),(120,11,19.00,97.00,3.00,3),(121,10,16.00,68.00,4.00,1),(122,2,22.00,28.00,4.00,1),(122,5,28.00,75.00,0.00,2),(122,11,16.00,32.00,7.00,1),(123,1,23.00,72.00,7.00,2),(123,6,5.00,84.00,7.00,2),(124,5,14.00,29.00,6.00,2),(124,6,21.00,28.00,1.00,2),(125,8,31.00,32.00,4.00,1),(126,4,4.00,58.00,8.00,2),(126,9,11.00,93.00,3.00,3),(127,6,10.00,35.00,1.00,2),(127,7,18.00,32.00,5.00,2),(127,11,25.00,33.00,2.00,1),(127,12,12.00,51.00,7.00,1),(128,2,13.00,58.00,2.00,3),(128,4,24.00,35.00,0.00,3),(128,10,22.00,60.00,1.00,3),(128,12,7.00,97.00,6.00,1),(129,10,22.00,48.00,8.00,2),(130,7,3.00,84.00,6.00,3),(130,11,30.00,98.00,6.00,1),(131,4,23.00,60.00,4.00,2),(132,3,24.00,66.00,4.00,1),(132,5,19.00,50.00,0.00,3),(132,7,19.00,30.00,5.00,3),(133,8,9.00,58.00,1.00,3),(133,10,12.00,24.00,5.00,1),(134,3,30.00,83.00,7.00,3),(135,7,26.00,87.00,3.00,1),(135,9,10.00,85.00,3.00,2),(135,10,25.00,62.00,8.00,2),(135,11,7.00,38.00,4.00,1),(136,3,15.00,63.00,6.00,2),(137,5,22.00,22.00,7.00,2),(137,7,5.00,58.00,2.00,1),(137,8,15.00,47.00,8.00,2),(137,10,27.00,40.00,5.00,3),(138,4,30.00,38.00,2.00,3),(139,3,9.00,49.00,6.00,2),(140,6,10.00,31.00,6.00,2),(141,2,22.00,67.00,5.00,3),(141,7,18.00,66.00,5.00,3),(142,8,21.00,26.00,4.00,2),(143,12,21.00,72.00,3.00,2),(144,3,8.00,22.00,3.00,3),(144,4,5.00,33.00,0.00,1),(145,9,27.00,77.00,8.00,1),(145,12,31.00,28.00,4.00,2),(146,5,15.00,46.00,7.00,3),(147,12,6.00,46.00,3.00,2),(148,3,13.00,73.00,6.00,3),(148,5,15.00,48.00,3.00,2),(149,10,4.00,81.00,5.00,1),(149,11,3.00,81.00,7.00,3),(150,1,28.00,62.00,2.00,1),(150,9,13.00,47.00,1.00,1),(151,4,7.00,28.00,5.00,1),(151,5,24.00,57.00,8.00,1),(151,10,7.00,25.00,7.00,2),(152,1,19.00,91.00,0.00,1),(153,4,15.00,44.00,0.00,2),(153,11,16.00,85.00,2.00,2),(154,7,4.00,36.00,8.00,3),(154,11,26.00,60.00,8.00,2),(155,4,28.00,94.00,7.00,2),(155,5,4.00,32.00,1.00,2),(155,10,19.00,96.00,4.00,2),(156,9,24.00,45.00,8.00,3),(156,10,30.00,75.00,2.00,3),(157,3,16.00,64.00,6.00,1),(157,9,18.00,73.00,6.00,3),(158,5,8.00,71.00,1.00,2),(159,6,15.00,40.00,7.00,3),(159,7,20.00,46.00,5.00,2),(159,10,21.00,86.00,7.00,2),(160,8,16.00,38.00,8.00,1),(160,10,15.00,68.00,4.00,1),(161,2,22.00,48.00,4.00,1),(161,6,5.00,96.00,1.00,2),(161,11,16.00,76.00,2.00,2),(162,4,4.00,74.00,8.00,1),(163,5,29.00,40.00,8.00,1),(163,9,13.00,36.00,7.00,2),(164,3,3.00,41.00,1.00,3),(165,1,3.00,78.00,4.00,3),(165,5,31.00,88.00,7.00,3),(166,2,30.00,27.00,7.00,3),(166,9,25.00,89.00,5.00,2),(167,3,4.00,27.00,6.00,1),(168,4,31.00,86.00,6.00,1),(168,11,22.00,88.00,5.00,3),(169,12,14.00,84.00,6.00,2),(170,8,3.00,57.00,7.00,3),(171,1,27.00,92.00,1.00,1),(171,10,6.00,31.00,1.00,2),(172,9,7.00,97.00,3.00,2),(173,2,15.00,54.00,5.00,1),(173,7,20.00,37.00,5.00,2),(173,8,26.00,83.00,3.00,1),(174,2,10.00,44.00,2.00,3),(174,4,28.00,32.00,8.00,2),(175,4,21.00,84.00,1.00,2),(176,2,17.00,68.00,8.00,1),(176,4,21.00,68.00,2.00,3),(176,10,21.00,36.00,3.00,2),(176,11,11.00,34.00,2.00,1),(177,7,17.00,43.00,3.00,3),(178,2,22.00,90.00,7.00,2),(178,7,25.00,67.00,1.00,2),(179,6,31.00,42.00,1.00,1),(180,2,17.00,66.00,4.00,3),(180,4,19.00,29.00,1.00,1),(180,6,12.00,82.00,0.00,3),(180,12,31.00,65.00,5.00,3),(181,9,31.00,59.00,1.00,2),(182,2,27.00,79.00,7.00,2),(182,8,14.00,39.00,6.00,2),(183,6,12.00,94.00,2.00,2),(183,7,17.00,98.00,8.00,3),(184,4,19.00,27.00,0.00,3),(184,7,13.00,59.00,3.00,2),(184,8,6.00,35.00,7.00,2),(184,11,18.00,56.00,1.00,1),(185,4,12.00,78.00,0.00,2),(185,8,3.00,42.00,7.00,3),(186,2,7.00,33.00,1.00,2),(186,4,22.00,99.00,4.00,3),(187,3,30.00,61.00,6.00,1),(187,7,22.00,64.00,8.00,2),(188,3,19.00,39.00,7.00,2),(188,4,24.00,62.00,0.00,2),(189,4,31.00,91.00,6.00,3),(189,11,24.00,93.00,6.00,2),(190,7,25.00,90.00,4.00,3),(191,5,21.00,72.00,2.00,2),(192,11,26.00,71.00,8.00,2),(193,1,9.00,40.00,0.00,3),(193,12,21.00,46.00,1.00,3),(194,9,19.00,86.00,7.00,2),(195,10,27.00,38.00,5.00,3),(195,11,20.00,70.00,6.00,1),(195,12,17.00,55.00,5.00,2),(196,4,21.00,47.00,7.00,2),(196,5,22.00,48.00,2.00,3),(197,10,14.00,79.00,0.00,1),(198,2,5.00,72.00,2.00,1),(199,1,7.00,22.00,1.00,2),(200,3,20.00,35.00,2.00,2),(200,4,17.00,85.00,5.00,3),(200,6,21.00,64.00,2.00,2),(201,2,24.00,43.00,4.00,1),(201,7,26.00,83.00,8.00,2),(201,11,25.00,26.00,8.00,2),(202,1,16.00,99.00,7.00,1),(202,9,4.00,82.00,4.00,1),(202,11,27.00,89.00,8.00,3),(203,7,6.00,24.00,3.00,2),(204,4,4.00,66.00,7.00,2),(204,12,28.00,83.00,1.00,3),(205,6,9.00,36.00,1.00,1),(206,5,15.00,69.00,2.00,3),(207,3,19.00,58.00,6.00,1),(207,10,19.00,64.00,1.00,3),(208,6,6.00,46.00,4.00,1),(208,8,27.00,94.00,0.00,1),(209,2,29.00,78.00,8.00,2),(209,8,5.00,86.00,2.00,1),(209,9,21.00,95.00,4.00,3),(210,2,28.00,40.00,4.00,2),(210,8,18.00,54.00,3.00,2),(211,3,31.00,50.00,2.00,1),(211,10,13.00,67.00,2.00,3),(212,7,29.00,85.00,5.00,3),(212,11,15.00,46.00,2.00,1),(213,6,16.00,35.00,3.00,3),(214,2,4.00,92.00,0.00,2),(214,3,28.00,21.00,8.00,3),(215,4,10.00,46.00,8.00,3),(215,8,22.00,69.00,7.00,2),(216,9,17.00,25.00,2.00,3),(217,5,19.00,58.00,6.00,1),(217,7,10.00,35.00,7.00,2),(218,3,23.00,60.00,8.00,2),(218,4,21.00,98.00,3.00,2),(219,7,5.00,49.00,0.00,2),(219,8,19.00,89.00,2.00,2),(220,6,17.00,43.00,0.00,3),(220,7,28.00,82.00,5.00,2),(221,3,27.00,27.00,5.00,3),(221,6,20.00,23.00,1.00,2),(222,6,15.00,95.00,8.00,2),(222,7,13.00,68.00,4.00,3),(223,12,18.00,36.00,3.00,3),(224,2,20.00,33.00,5.00,1),(224,7,12.00,39.00,6.00,2),(225,7,29.00,74.00,7.00,3),(225,11,19.00,77.00,8.00,2),(226,9,6.00,60.00,3.00,2),(226,12,28.00,52.00,8.00,1),(227,2,31.00,57.00,6.00,1),(228,9,10.00,29.00,7.00,1),(228,11,13.00,35.00,1.00,1),(229,3,31.00,66.00,8.00,1),(229,11,29.00,48.00,5.00,1),(230,6,20.00,21.00,8.00,2),(230,9,11.00,99.00,8.00,1),(230,10,22.00,96.00,7.00,2),(231,8,16.00,85.00,2.00,2),(232,1,12.00,34.00,1.00,1),(232,4,10.00,54.00,6.00,2),(233,10,12.00,71.00,8.00,3),(234,9,27.00,90.00,7.00,3),(234,11,9.00,58.00,3.00,3),(235,3,22.00,81.00,1.00,3),(236,11,19.00,53.00,6.00,1),(237,10,28.00,81.00,2.00,1),(238,7,21.00,65.00,0.00,2),(238,10,18.00,63.00,4.00,2),(239,2,24.00,98.00,3.00,3),(239,5,5.00,44.00,3.00,1),(240,9,11.00,65.00,7.00,3),(241,2,6.00,94.00,0.00,2),(241,6,23.00,94.00,5.00,2),(241,12,8.00,90.00,7.00,2),(242,10,27.00,70.00,1.00,2),(243,2,23.00,58.00,6.00,2),(243,12,31.00,61.00,8.00,2),(244,7,27.00,30.00,3.00,2),(245,5,8.00,24.00,1.00,3),(245,7,16.00,92.00,7.00,1),(246,8,23.00,49.00,5.00,3),(247,3,9.00,30.00,4.00,2),(247,11,29.00,60.00,6.00,1),(247,12,27.00,33.00,8.00,2),(248,4,20.00,43.00,4.00,2),(248,6,14.00,94.00,6.00,3),(248,9,7.00,85.00,0.00,1),(248,11,19.00,44.00,0.00,3),(248,12,15.00,21.00,2.00,3),(249,5,16.00,35.00,2.00,2),(249,10,31.00,89.00,4.00,1),(249,11,19.00,83.00,4.00,3),(250,9,29.00,47.00,0.00,1),(251,6,28.00,44.00,7.00,1),(252,3,20.00,61.00,6.00,3),(253,7,15.00,72.00,3.00,2),(253,8,11.00,79.00,7.00,1),(254,12,6.00,79.00,6.00,2),(255,8,26.00,57.00,1.00,3),(255,11,22.00,26.00,5.00,1),(256,3,28.00,21.00,7.00,1),(256,10,12.00,83.00,2.00,3),(256,11,6.00,96.00,7.00,1),(257,2,18.00,51.00,1.00,3),(257,5,12.00,28.00,2.00,3),(258,2,6.00,44.00,7.00,3),(258,4,17.00,36.00,2.00,3),(259,6,8.00,26.00,7.00,2),(260,12,16.00,82.00,3.00,3),(261,4,24.00,75.00,5.00,2),(261,5,13.00,27.00,6.00,1),(261,11,17.00,49.00,0.00,3),(262,8,17.00,65.00,8.00,2),(263,4,31.00,79.00,5.00,3),(263,11,15.00,23.00,3.00,1),(264,10,9.00,93.00,7.00,1),(265,4,24.00,60.00,0.00,1),(266,5,5.00,81.00,7.00,3),(266,7,10.00,45.00,8.00,1),(267,8,31.00,43.00,2.00,1),(267,9,7.00,56.00,6.00,3),(268,11,27.00,53.00,6.00,2),(269,9,23.00,76.00,3.00,1),(270,2,31.00,43.00,5.00,3),(271,11,26.00,47.00,1.00,3),(272,6,8.00,83.00,6.00,2),(272,7,15.00,97.00,1.00,3),(272,9,21.00,58.00,7.00,2),(272,11,29.00,57.00,3.00,2),(273,7,19.00,91.00,4.00,2),(273,8,8.00,25.00,4.00,1),(273,10,10.00,69.00,0.00,2),(274,3,23.00,90.00,6.00,3),(274,10,24.00,67.00,4.00,3),(275,12,21.00,45.00,3.00,1),(276,7,29.00,82.00,4.00,3),(276,10,22.00,96.00,1.00,1),(277,5,23.00,55.00,5.00,3),(278,3,14.00,46.00,3.00,3),(278,8,28.00,45.00,1.00,3),(279,2,7.00,66.00,4.00,2),(280,2,8.00,96.00,2.00,2),(280,3,18.00,25.00,6.00,1),(281,10,6.00,53.00,0.00,2),(282,4,31.00,92.00,7.00,1),(282,9,16.00,42.00,1.00,1),(282,11,15.00,70.00,3.00,3),(283,4,25.00,47.00,2.00,3),(283,11,19.00,82.00,0.00,3),(284,3,16.00,90.00,6.00,2),(285,2,20.00,28.00,3.00,3),(285,8,22.00,87.00,7.00,1),(286,5,17.00,92.00,1.00,3),(286,6,16.00,23.00,0.00,2),(286,8,29.00,53.00,0.00,3),(287,5,7.00,98.00,1.00,1),(288,1,5.00,71.00,4.00,2),(288,3,29.00,43.00,7.00,3),(289,1,14.00,61.00,7.00,2),(289,2,6.00,77.00,5.00,2),(289,12,18.00,22.00,7.00,1),(290,9,9.00,98.00,8.00,3),(291,2,17.00,85.00,3.00,2),(291,8,26.00,33.00,0.00,2),(292,6,20.00,46.00,8.00,3),(292,8,17.00,30.00,6.00,2),(292,11,25.00,74.00,4.00,1),(293,4,11.00,22.00,5.00,2),(293,9,9.00,24.00,6.00,2),(294,10,11.00,32.00,5.00,2),(295,5,22.00,70.00,7.00,2),(296,6,18.00,77.00,2.00,1),(296,7,20.00,72.00,7.00,1),(297,4,13.00,32.00,2.00,3),(297,12,6.00,81.00,0.00,3),(298,2,17.00,51.00,3.00,1),(299,7,6.00,72.00,8.00,3),(299,8,6.00,28.00,4.00,1),(300,10,7.00,61.00,4.00,3),(301,2,17.00,42.00,8.00,1),(301,5,3.00,85.00,1.00,2),(301,6,20.00,41.00,2.00,2),(302,5,3.00,90.00,8.00,2),(302,6,9.00,68.00,5.00,3),(303,3,5.00,51.00,4.00,1),(304,9,24.00,28.00,5.00,3),(304,10,17.00,45.00,4.00,2),(305,3,9.00,42.00,4.00,2),(305,7,22.00,55.00,1.00,1),(306,5,21.00,51.00,4.00,2),(306,8,6.00,69.00,0.00,1),(307,10,25.00,92.00,3.00,2),(307,11,17.00,73.00,1.00,3),(308,2,6.00,71.00,4.00,3),(308,5,8.00,34.00,0.00,2),(308,6,17.00,94.00,8.00,3),(309,8,30.00,34.00,1.00,2),(309,9,12.00,25.00,3.00,1),(310,3,24.00,83.00,2.00,3),(310,8,22.00,80.00,1.00,3),(310,11,5.00,50.00,0.00,3),(311,9,18.00,71.00,6.00,1),(312,6,13.00,27.00,5.00,1),(313,10,10.00,57.00,7.00,2),(314,4,6.00,28.00,3.00,1),(314,5,28.00,29.00,5.00,3),(315,1,3.00,37.00,6.00,1),(315,4,17.00,80.00,5.00,1),(315,9,16.00,29.00,0.00,2),(315,12,27.00,43.00,2.00,3),(316,6,26.00,27.00,4.00,1),(317,6,18.00,68.00,6.00,2),(318,2,10.00,78.00,7.00,1),(318,5,22.00,87.00,8.00,2),(319,6,18.00,23.00,1.00,2),(320,7,23.00,71.00,1.00,3),(320,11,30.00,28.00,0.00,1),(321,2,21.00,63.00,0.00,2),(321,10,10.00,55.00,7.00,1),(322,2,17.00,64.00,0.00,2),(322,5,20.00,57.00,8.00,2),(323,6,18.00,71.00,3.00,3),(324,8,28.00,86.00,8.00,2),(325,7,27.00,39.00,6.00,1),(325,9,19.00,74.00,5.00,3),(326,3,11.00,75.00,8.00,1),(326,8,26.00,53.00,8.00,1),(327,2,5.00,98.00,7.00,3),(328,9,4.00,73.00,2.00,1),(328,10,3.00,51.00,6.00,3),(329,5,28.00,94.00,8.00,1),(329,6,13.00,58.00,6.00,2),(330,1,9.00,69.00,5.00,3),(331,6,31.00,72.00,0.00,3),(332,2,8.00,51.00,1.00,1),(333,1,4.00,21.00,7.00,3),(333,5,24.00,88.00,6.00,3),(333,12,19.00,42.00,0.00,2),(334,6,21.00,81.00,3.00,1),(335,3,16.00,21.00,3.00,3),(335,7,14.00,81.00,6.00,2),(336,4,22.00,86.00,5.00,2),(337,3,4.00,84.00,6.00,1),(337,9,11.00,64.00,7.00,3),(338,6,13.00,48.00,2.00,1),(338,9,28.00,25.00,4.00,2),(339,6,12.00,42.00,7.00,1),(340,6,30.00,34.00,4.00,2),(341,3,25.00,23.00,1.00,2),(341,8,5.00,72.00,0.00,2),(341,11,4.00,35.00,8.00,1),(342,5,30.00,97.00,6.00,2),(343,4,21.00,41.00,5.00,2),(343,7,12.00,54.00,8.00,1),(343,9,26.00,47.00,6.00,2),(344,2,31.00,51.00,6.00,3),(345,6,16.00,93.00,5.00,3),(346,4,13.00,57.00,5.00,1),(346,8,13.00,64.00,3.00,1),(346,10,27.00,49.00,1.00,2),(346,11,5.00,34.00,4.00,3),(347,10,27.00,79.00,2.00,1),(347,12,4.00,38.00,7.00,1),(348,3,22.00,89.00,2.00,3),(348,8,11.00,72.00,5.00,2),(349,3,14.00,74.00,5.00,2),(349,6,5.00,55.00,0.00,2),(349,9,9.00,34.00,4.00,2),(350,8,27.00,61.00,2.00,3),(350,9,19.00,26.00,0.00,1),(350,10,13.00,84.00,2.00,3),(351,2,4.00,83.00,2.00,2),(352,2,8.00,65.00,6.00,1),(352,4,25.00,56.00,4.00,1),(352,12,14.00,64.00,2.00,1),(353,7,20.00,54.00,8.00,1),(353,9,25.00,58.00,0.00,1),(354,6,5.00,28.00,3.00,1),(354,8,6.00,25.00,7.00,2),(354,10,14.00,22.00,1.00,1),(355,5,20.00,91.00,1.00,3),(356,2,25.00,53.00,1.00,3),(356,3,3.00,49.00,4.00,3),(357,6,27.00,67.00,1.00,2),(357,9,9.00,88.00,2.00,1),(358,6,17.00,60.00,0.00,3),(359,1,25.00,97.00,3.00,1),(359,7,16.00,45.00,4.00,2),(360,3,30.00,73.00,5.00,3),(360,4,12.00,49.00,3.00,1),(361,1,24.00,87.00,8.00,3),(362,5,27.00,28.00,7.00,3),(363,2,29.00,99.00,2.00,3),(363,9,3.00,72.00,0.00,2),(364,2,14.00,41.00,1.00,3),(364,5,31.00,49.00,6.00,2),(365,6,20.00,22.00,3.00,3),(365,10,7.00,23.00,4.00,3),(366,4,28.00,28.00,4.00,3),(366,10,29.00,52.00,0.00,1),(367,10,3.00,76.00,5.00,2),(368,4,13.00,44.00,8.00,1),(369,5,25.00,50.00,8.00,2),(369,9,24.00,21.00,6.00,1),(370,3,12.00,90.00,6.00,2),(370,9,17.00,51.00,3.00,3),(371,1,18.00,42.00,7.00,1),(372,5,5.00,37.00,7.00,3),(372,10,29.00,38.00,7.00,1),(372,11,10.00,61.00,6.00,2),(373,11,18.00,89.00,0.00,3),(374,3,27.00,83.00,2.00,2),(374,8,22.00,48.00,1.00,1),(374,9,27.00,49.00,8.00,2),(375,3,9.00,80.00,1.00,3),(375,11,20.00,77.00,0.00,3),(376,6,13.00,44.00,8.00,3),(377,7,29.00,47.00,5.00,1),(377,10,17.00,81.00,1.00,2),(378,2,25.00,87.00,7.00,3),(378,12,15.00,94.00,7.00,3),(379,6,26.00,28.00,5.00,2),(379,10,24.00,76.00,5.00,3),(380,2,10.00,39.00,1.00,2),(380,11,5.00,23.00,1.00,2),(381,9,20.00,58.00,3.00,3),(382,2,27.00,41.00,4.00,1),(382,5,14.00,91.00,0.00,2),(382,6,16.00,72.00,8.00,3),(383,4,4.00,68.00,6.00,1),(383,6,28.00,24.00,4.00,2),(383,10,10.00,55.00,3.00,1),(384,8,22.00,23.00,4.00,2),(385,2,18.00,89.00,4.00,1),(386,4,20.00,39.00,6.00,3),(386,7,17.00,67.00,0.00,3),(387,3,22.00,37.00,3.00,2),(387,4,28.00,45.00,5.00,2),(387,5,14.00,91.00,6.00,2),(388,4,13.00,63.00,7.00,1),(388,9,18.00,22.00,0.00,2),(389,6,23.00,58.00,8.00,1),(389,9,26.00,45.00,6.00,3),(390,10,3.00,32.00,3.00,2),(391,6,22.00,81.00,8.00,2),(391,8,10.00,53.00,4.00,1),(392,1,12.00,80.00,6.00,1),(392,9,27.00,64.00,2.00,3),(393,7,10.00,58.00,1.00,3),(394,6,25.00,80.00,6.00,1),(395,9,7.00,46.00,4.00,3),(396,1,13.00,49.00,1.00,1),(396,6,13.00,88.00,3.00,1),(396,8,23.00,35.00,4.00,3),(397,7,14.00,46.00,4.00,2),(397,9,28.00,28.00,7.00,1),(398,1,11.00,60.00,5.00,1),(398,2,23.00,38.00,6.00,3),(398,4,24.00,68.00,5.00,2),(398,6,18.00,49.00,7.00,3),(399,3,16.00,98.00,3.00,2),(399,5,25.00,87.00,3.00,3),(399,6,16.00,40.00,6.00,2),(400,2,3.00,79.00,5.00,3),(401,10,24.00,95.00,7.00,1),(402,10,20.00,60.00,3.00,3),(403,3,25.00,73.00,4.00,2),(403,11,7.00,85.00,0.00,1),(404,3,13.00,27.00,0.00,2),(405,7,11.00,98.00,8.00,2),(406,5,16.00,71.00,7.00,2),(406,7,14.00,43.00,1.00,1),(407,3,18.00,60.00,4.00,3),(407,12,19.00,70.00,8.00,1),(408,4,7.00,73.00,1.00,3),(409,2,5.00,55.00,8.00,2),(409,3,30.00,34.00,3.00,2),(410,1,17.00,64.00,1.00,1),(410,5,22.00,40.00,3.00,2),(411,5,27.00,67.00,6.00,3),(411,12,10.00,38.00,2.00,1),(412,2,22.00,45.00,0.00,1),(412,7,21.00,93.00,6.00,1),(412,11,6.00,70.00,3.00,3),(413,6,24.00,50.00,6.00,1),(414,9,10.00,23.00,3.00,2),(415,6,7.00,99.00,5.00,3),(415,11,4.00,90.00,2.00,2),(416,4,23.00,55.00,1.00,2),(417,6,15.00,64.00,1.00,1),(418,3,3.00,57.00,4.00,3),(418,7,25.00,69.00,6.00,3),(418,11,26.00,76.00,0.00,1),(419,4,22.00,74.00,2.00,1),(420,2,31.00,44.00,3.00,3),(420,10,28.00,54.00,8.00,3),(421,2,15.00,37.00,3.00,1),(421,4,17.00,84.00,2.00,2),(421,10,8.00,50.00,2.00,2),(422,3,18.00,59.00,3.00,2),(423,1,3.00,43.00,8.00,3),(423,5,16.00,97.00,7.00,1),(424,4,12.00,99.00,2.00,3),(425,2,8.00,27.00,0.00,2),(426,2,3.00,55.00,2.00,1),(426,7,19.00,93.00,1.00,3),(427,10,24.00,42.00,8.00,1),(428,3,4.00,70.00,0.00,2),(428,7,31.00,47.00,6.00,1),(429,2,25.00,80.00,4.00,2),(429,6,31.00,82.00,2.00,3),(429,11,18.00,69.00,6.00,3),(430,6,22.00,78.00,7.00,1),(431,5,25.00,83.00,1.00,2),(432,9,30.00,83.00,0.00,1),(432,11,12.00,67.00,8.00,1),(433,3,25.00,64.00,3.00,1),(434,5,30.00,99.00,0.00,1),(435,6,15.00,47.00,0.00,2),(435,11,12.00,75.00,1.00,1),(436,10,10.00,54.00,5.00,1),(437,3,14.00,23.00,4.00,2),(437,11,9.00,94.00,7.00,2),(438,3,30.00,62.00,4.00,2),(438,5,3.00,89.00,8.00,2),(438,8,12.00,78.00,4.00,1),(438,12,17.00,26.00,6.00,1),(439,5,19.00,34.00,6.00,1),(440,2,14.00,71.00,7.00,1),(440,4,8.00,74.00,8.00,2),(441,7,24.00,57.00,8.00,3),(442,2,7.00,43.00,8.00,2),(442,5,20.00,25.00,0.00,3),(442,11,19.00,53.00,5.00,2),(443,1,30.00,92.00,4.00,2),(443,5,3.00,41.00,7.00,3),(443,6,9.00,67.00,5.00,3),(443,10,5.00,32.00,6.00,1),(444,4,24.00,99.00,6.00,3),(444,6,18.00,62.00,2.00,2),(445,3,15.00,71.00,3.00,2),(445,4,16.00,68.00,8.00,2),(445,6,5.00,28.00,5.00,1),(446,11,3.00,76.00,2.00,3),(447,2,26.00,37.00,3.00,2),(448,2,3.00,96.00,3.00,2),(448,4,23.00,33.00,5.00,3),(448,11,15.00,90.00,6.00,3),(449,3,4.00,97.00,1.00,2),(449,7,29.00,36.00,3.00,2),(450,7,14.00,27.00,3.00,1),(450,11,10.00,84.00,6.00,3),(451,5,7.00,81.00,6.00,2),(452,11,29.00,53.00,1.00,2),(453,7,7.00,81.00,8.00,2),(453,8,4.00,68.00,8.00,2),(454,1,27.00,77.00,1.00,1),(455,11,31.00,81.00,0.00,1),(456,6,15.00,75.00,7.00,1),(456,8,10.00,33.00,6.00,2),(456,9,28.00,75.00,1.00,2),(456,12,23.00,21.00,5.00,2),(457,11,27.00,95.00,7.00,3),(458,12,5.00,74.00,0.00,3),(459,4,27.00,66.00,8.00,3),(459,9,4.00,88.00,4.00,3),(460,5,21.00,62.00,5.00,1),(461,2,4.00,24.00,6.00,2),(461,4,12.00,74.00,4.00,1),(461,7,19.00,38.00,4.00,3),(462,6,25.00,29.00,7.00,2),(462,7,8.00,88.00,7.00,2),(463,1,22.00,96.00,6.00,3),(463,5,23.00,36.00,8.00,2),(463,7,17.00,33.00,4.00,2),(464,8,16.00,33.00,5.00,2),(464,9,28.00,47.00,5.00,2),(464,11,28.00,34.00,3.00,2),(465,2,25.00,90.00,1.00,3),(466,1,8.00,90.00,3.00,1),(466,9,22.00,82.00,4.00,2),(467,10,23.00,41.00,1.00,2),(468,4,21.00,97.00,5.00,2),(468,5,4.00,24.00,2.00,3),(469,12,10.00,47.00,7.00,1),(470,4,10.00,62.00,4.00,2),(471,2,15.00,68.00,5.00,3),(471,8,15.00,55.00,5.00,1),(472,3,27.00,51.00,1.00,1),(472,8,30.00,70.00,0.00,1),(473,11,8.00,97.00,5.00,3),(474,7,5.00,97.00,1.00,2),(474,8,27.00,92.00,7.00,2),(475,11,3.00,73.00,6.00,2),(476,6,16.00,67.00,8.00,1),(476,7,14.00,94.00,6.00,2),(477,8,17.00,91.00,6.00,1),(478,5,13.00,75.00,5.00,3),(478,6,12.00,83.00,7.00,1),(479,8,18.00,87.00,4.00,2),(480,4,22.00,88.00,6.00,2),(480,12,23.00,81.00,1.00,1),(481,9,19.00,39.00,6.00,3),(482,2,25.00,90.00,2.00,2),(482,11,8.00,77.00,8.00,2),(482,12,18.00,95.00,8.00,1),(483,11,5.00,67.00,0.00,3),(484,2,27.00,26.00,5.00,3),(484,4,30.00,69.00,4.00,2),(484,7,11.00,87.00,6.00,3),(484,8,18.00,49.00,2.00,3),(485,3,25.00,42.00,2.00,1),(485,4,10.00,44.00,6.00,2),(485,5,30.00,75.00,4.00,2),(486,8,3.00,62.00,2.00,1),(487,5,10.00,64.00,7.00,1),(487,8,7.00,35.00,4.00,2),(488,3,4.00,41.00,0.00,2),(488,8,25.00,78.00,4.00,2),(488,10,22.00,92.00,3.00,2),(489,2,5.00,45.00,6.00,2),(489,8,14.00,89.00,0.00,3),(490,2,23.00,53.00,3.00,3),(491,1,15.00,53.00,4.00,1),(491,2,29.00,89.00,3.00,3),(492,4,12.00,25.00,4.00,3),(492,11,29.00,78.00,1.00,2),(493,1,17.00,55.00,4.00,1),(493,5,26.00,21.00,8.00,3),(494,2,19.00,78.00,3.00,2),(494,6,15.00,70.00,7.00,2),(494,7,14.00,94.00,2.00,1),(495,9,21.00,84.00,8.00,1),(496,1,5.00,35.00,6.00,2),(497,2,17.00,63.00,7.00,2),(497,5,9.00,32.00,8.00,1),(497,8,22.00,27.00,2.00,2),(498,7,22.00,98.00,6.00,2),(499,8,13.00,72.00,5.00,1),(500,6,25.00,47.00,0.00,1),(501,8,26.00,77.00,4.00,3),(501,10,24.00,64.00,4.00,2),(502,7,11.00,70.00,5.00,2),(503,4,9.00,59.00,6.00,2),(503,8,7.00,62.00,8.00,2),(504,2,8.00,36.00,4.00,1),(504,3,17.00,51.00,3.00,2),(504,7,28.00,50.00,6.00,2),(504,8,30.00,75.00,3.00,2),(505,1,4.00,45.00,8.00,2),(506,10,14.00,59.00,2.00,1),(507,3,25.00,63.00,5.00,2),(507,10,26.00,37.00,0.00,2),(508,5,22.00,56.00,5.00,1),(508,10,31.00,67.00,7.00,3),(509,9,29.00,69.00,4.00,1),(509,11,20.00,45.00,0.00,1),(510,3,11.00,78.00,5.00,3),(511,1,21.00,73.00,0.00,2),(511,5,12.00,35.00,5.00,3);
UNLOCK TABLES;